Andrea,4982
Pennie,7826
Chester,4738
Patrice,6457
Arty,8157
Jody,7901
Gonzales,1565
Vito,6575
Matthew,738
Mack,8118
Nikolaus,7145
Cody,9013
Burgess,1476
Orran,8489
Danny,5726
Gualterio,9429
Rees,1975
Willem,1854
Herbert,6708
Nero,568
Avram,6894
Adlai,9226
Kendrick,4491
Selby,5003
Rodolfo,8286
Thurstan,8163
Tonnie,8336
Yorke,6157
Jeno,59
Edwin,7420
Artemas,1334
Wendel,4489
Harper,4303
Perry,2682
Darby,367
Hansiain,5603
Filmer,9894
Willi,1013
Cliff,4543
Stanislas,8937
Armstrong,7170
Willis,8874
Carmine,324
Sheffy,3399
Leland,7996
Whit,3269
Wash,2403
Diego,5070
Conrade,3878
Wendell,8160
Nollie,684
Cash,1017
Domingo,3383
Mohandis,345
Chase,1583
Boycie,6307
Kleon,6996
Romain,6179
Barbabas,8256