Kristian_Martin,7854
Annabella_Hunt,1345
Daisy_Ryan,1345
Ellia_Miller,5678
Amy_Phillips,348
Myra_Dixon,502
Eleanor_Mitchell,181
Ashton_Casey,123
Amber_Carter,876
Aston_Higgins,64
Stella_Spencer,126
Eleanor_Johnson,678
Miley_Stewart,690
Alfred_Baker,421
Harold_Miller,128
Kevin_Johnston,9871
Maddie_West,1234
Alberta_Taylor,156
Emily_Russell,357
Amelia_Ellis,762
Sam_Evans,709
Robert_Martin,345
Alberta_Harris,765
Julian_Tucker,123
Connie_Warren,19
Abigail_Ferguson,2001
Spike_Ferguson,2981
Marcus_Stewart,2167
Rosie_Farrell,3456
